   Year   ,  Bal-D  , Sigma , SMB-Bal , Sigma , SMB-D   , Sigma ,  D      , Bal     , Area
   1979.00,   -0.423, 18.050,    1.600, 27.370,    1.178, 32.786,  297.880,  292.808,  280363.562
   1979.08,   -0.851, 18.271,   -9.069, 27.705,   -9.920, 33.187,  297.949,  292.808,  280363.562
   1979.17,   -1.285, 18.489,    6.513, 28.036,    5.227, 33.584,  298.018,  292.808,  280363.562
   1979.25,   -1.725, 18.705,   22.489, 28.364,   20.764, 33.976,  298.087,  292.808,  280363.562
   1979.33,   -2.171, 18.919,   18.283, 28.687,   16.112, 34.364,  298.157,  292.808,  280363.562
   1979.42,   -2.622, 19.130,   12.228, 29.007,    9.606, 34.747,  298.226,  292.808,  280363.562
   1979.50,   -3.080, 19.338,   18.560, 29.324,   15.480, 35.126,  298.295,  292.808,  280363.562
   1979.58,   -3.543, 19.545,   24.982, 29.637,   21.440, 35.501,  298.364,  292.808,  280363.562
   1979.67,   -4.011, 19.749,   33.238, 29.946,   29.227, 35.872,  298.433,  292.808,  280363.562
   1979.75,   -4.486, 19.951,   31.686, 30.253,   27.201, 36.239,  298.503,  292.808,  280363.562
   1979.83,   -4.966, 20.151,   31.150, 30.557,   26.184, 36.603,  298.572,  292.808,  280363.562
   1979.92,   -5.452, 20.350,   20.565, 30.857,   15.112, 36.963,  298.641,  292.808,  280363.562
   1980.00,   -5.944, 20.546,   10.847, 31.155,    4.902, 37.320,  298.710,  292.808,  280363.562
   1980.08,   -6.441, 20.740,   -2.415, 31.450,   -8.856, 37.673,  298.772,  292.808,  280363.562
   1980.17,   -6.943, 20.933,   -4.553, 31.742,  -11.496, 38.023,  298.833,  292.808,  280363.562
   1980.25,   -7.451, 21.124,  -17.604, 32.031,  -25.054, 38.370,  298.895,  292.808,  280363.562
   1980.33,   -7.963, 21.313,  -26.376, 32.318,  -34.339, 38.713,  298.957,  292.808,  280363.562
   1980.42,   -8.480, 21.501,  -37.954, 32.602,  -46.435, 39.054,  299.018,  292.808,  280363.562
   1980.50,   -9.003, 21.687,  -54.079, 32.884,  -63.082, 39.391,  299.080,  292.808,  280363.562
   1980.58,   -9.531, 21.871,  -66.349, 33.164,  -75.880, 39.726,  299.142,  292.808,  280363.562
   1980.67,  -10.064, 22.054,  -74.195, 33.441,  -84.259, 40.058,  299.203,  292.808,  280363.562
   1980.75,  -10.602, 22.235,  -62.407, 33.716,  -73.009, 40.387,  299.265,  292.808,  280363.562
   1980.83,  -11.145, 22.415,  -79.775, 33.988,  -90.921, 40.714,  299.327,  292.808,  280363.562
   1980.92,  -11.693, 22.593,  -78.409, 34.259,  -90.102, 41.038,  299.388,  292.808,  280363.562
   1981.00,  -12.247, 22.770,  -81.120, 34.527,  -93.367, 41.359,  299.450,  292.808,  280363.562
   1981.08,  -12.805, 22.946,  -83.867, 34.793,  -96.673, 41.678,  299.510,  292.808,  280363.562
   1981.17,  -13.369, 23.120,  -82.369, 35.058,  -95.738, 41.995,  299.570,  292.808,  280363.562
   1981.25,  -13.937, 23.293,  -76.538, 35.320,  -90.476, 42.309,  299.630,  292.808,  280363.562
   1981.33,  -14.511, 23.465,  -81.067, 35.580,  -95.578, 42.621,  299.690,  292.808,  280363.562
   1981.42,  -15.089, 23.635,  -74.560, 35.839,  -89.650, 42.931,  299.750,  292.808,  280363.562
   1981.50,  -15.673, 23.804,  -77.071, 36.095,  -92.744, 43.238,  299.810,  292.808,  280363.562
   1981.58,  -16.261, 23.972,  -83.093, 36.350,  -99.355, 43.543,  299.870,  292.808,  280363.562
   1981.67,  -16.855, 24.139,  -85.368, 36.603, -102.223, 43.846,  299.930,  292.808,  280363.562
   1981.75,  -17.453, 24.305,  -91.746, 36.855, -109.200, 44.147,  299.990,  292.808,  280363.562
   1981.83,  -18.057, 24.469,  -88.675, 37.104, -106.732, 44.446,  300.050,  292.808,  280363.562
   1981.92,  -18.665, 24.633,  -96.495, 37.352, -115.160, 44.743,  300.110,  292.808,  280363.562
   1982.00,  -19.279, 24.795, -102.770, 37.598, -122.048, 45.038,  300.170,  292.808,  280363.562
   1982.08,  -19.898, 24.957, -113.018, 37.843, -132.916, 45.331,  300.232,  292.808,  280363.562
   1982.17,  -20.521, 25.117, -108.418, 38.086, -128.939, 45.623,  300.293,  292.808,  280363.562
   1982.25,  -21.150, 25.276,  -91.987, 38.328, -113.137, 45.912,  300.355,  292.808,  280363.562
   1982.33,  -21.784, 25.435,  -81.627, 38.568, -103.412, 46.199,  300.417,  292.808,  280363.562
   1982.42,  -22.423, 25.592,  -63.350, 38.806,  -85.773, 46.485,  300.478,  292.808,  280363.562
   1982.50,  -23.068, 25.748,  -75.904, 39.043,  -98.971, 46.769,  300.540,  292.808,  280363.562
   1982.58,  -23.717, 25.904,  -68.095, 39.279,  -91.812, 47.052,  300.602,  292.808,  280363.562
   1982.67,  -24.372, 26.058,  -54.594, 39.513,  -78.966, 47.332,  300.663,  292.808,  280363.562
   1982.75,  -25.032, 26.212,  -54.772, 39.746,  -79.803, 47.611,  300.725,  292.808,  280363.562
   1982.83,  -25.697, 26.365,  -65.078, 39.978,  -90.775, 47.889,  300.787,  292.808,  280363.562
   1982.92,  -26.367, 26.516,  -76.317, 40.208, -102.683, 48.164,  300.848,  292.808,  280363.562
   1983.00,  -27.042, 26.667,  -82.664, 40.437, -109.706, 48.438,  300.910,  292.808,  280363.562
   1983.08,  -27.722, 26.817,  -87.563, 40.664, -115.285, 48.711,  300.973,  292.808,  280363.562
   1983.17,  -28.408, 26.967,  -93.808, 40.891, -122.216, 48.982,  301.035,  292.808,  280363.562
   1983.25,  -29.098, 27.115,  -83.417, 41.116, -112.516, 49.252,  301.097,  292.808,  280363.562
   1983.33,  -29.794, 27.263,  -76.236, 41.340, -106.030, 49.520,  301.160,  292.808,  280363.562
   1983.42,  -30.496, 27.410,  -65.066, 41.562,  -95.561, 49.787,  301.222,  292.808,  280363.562
   1983.50,  -31.202, 27.556,  -53.777, 41.784,  -84.979, 50.052,  301.285,  292.808,  280363.562
   1983.58,  -31.914, 27.701,  -28.891, 42.004,  -60.805, 50.316,  301.348,  292.808,  280363.562
   1983.67,  -32.630, 27.845,  -28.563, 42.223,  -61.194, 50.578,  301.410,  292.808,  280363.562
   1983.75,  -33.353, 27.989,  -25.289, 42.441,  -58.641, 50.840,  301.472,  292.808,  280363.562
   1983.83,  -34.080, 28.132,  -28.764, 42.658,  -62.843, 51.099,  301.535,  292.808,  280363.562
   1983.92,  -34.812, 28.275,  -30.500, 42.874,  -65.312, 51.358,  301.597,  292.808,  280363.562
   1984.00,  -35.550, 28.416,  -45.500, 43.089,  -81.050, 51.615,  301.660,  292.808,  280363.562
   1984.08,  -36.293, 28.557,  -55.508, 43.302,  -91.801, 51.871,  301.721,  292.808,  280363.562
   1984.17,  -37.040, 28.697,  -44.118, 43.515,  -81.158, 52.126,  301.782,  292.808,  280363.562
   1984.25,  -37.793, 28.837,  -44.010, 43.727,  -81.803, 52.379,  301.843,  292.808,  280363.562
   1984.33,  -38.551, 28.976,  -42.355, 43.937,  -80.906, 52.631,  301.903,  292.808,  280363.562
   1984.42,  -39.314, 29.114,  -51.315, 44.147,  -90.629, 52.882,  301.964,  292.808,  280363.562
   1984.50,  -40.082, 29.251,  -35.084, 44.355,  -75.166, 53.132,  302.025,  292.808,  280363.562
   1984.58,  -40.855, 29.388,  -23.676, 44.563,  -64.532, 53.381,  302.086,  292.808,  280363.562
   1984.67,  -41.634, 29.525,    7.015, 44.770,  -34.619, 53.629,  302.147,  292.808,  280363.562
   1984.75,  -42.417, 29.660,   -4.696, 44.975,  -47.113, 53.875,  302.207,  292.808,  280363.562
   1984.83,  -43.205, 29.795,   -8.665, 45.180,  -51.871, 54.120,  302.268,  292.808,  280363.562
   1984.92,  -43.999, 29.930,   -9.572, 45.384,  -53.570, 54.364,  302.329,  292.808,  280363.562
   1985.00,  -44.797, 30.064,   -7.653, 45.587,  -52.451, 54.607,  302.390,  292.808,  280363.562
   1985.08,  -45.601, 30.197,  -19.437, 45.789,  -65.038, 54.849,  302.453,  292.808,  280363.562
   1985.17,  -46.410, 30.329,  -26.243, 45.990,  -72.653, 55.090,  302.515,  292.808,  280363.562
   1985.25,  -47.224, 30.461,  -28.153, 46.190,  -75.377, 55.330,  302.578,  292.808,  280363.562
   1985.33,  -48.043, 30.593,  -40.742, 46.389,  -88.786, 55.569,  302.640,  292.808,  280363.562
   1985.42,  -48.868, 30.724,  -37.863, 46.588,  -86.731, 55.807,  302.702,  292.808,  280363.562
   1985.50,  -49.698, 30.854,   -8.508, 46.786,  -58.206, 56.044,  302.765,  292.808,  280363.562
   1985.58,  -50.533, 30.984,   -7.671, 46.983,  -58.203, 56.279,  302.828,  292.808,  280363.562
   1985.67,  -51.373, 31.113,   10.584, 47.179,  -40.788, 56.514,  302.890,  292.808,  280363.562
   1985.75,  -52.218, 31.242,   33.568, 47.374,  -18.650, 56.748,  302.953,  292.808,  280363.562
   1985.83,  -53.069, 31.370,   29.755, 47.568,  -23.314, 56.981,  303.015,  292.808,  280363.562
   1985.92,  -53.924, 31.498,   25.335, 47.762,  -28.590, 57.213,  303.077,  292.808,  280363.562
   1986.00,  -54.785, 31.625,   12.770, 47.955,  -42.015, 57.444,  303.140,  292.808,  280363.562
   1986.08,  -55.651, 31.752,    4.208, 48.147,  -51.444, 57.674,  303.201,  292.808,  280363.562
   1986.17,  -56.523, 31.878,   -2.145, 48.338,  -58.667, 57.903,  303.262,  292.808,  280363.562
   1986.25,  -57.399, 32.004,   -6.407, 48.529,  -63.806, 58.131,  303.322,  292.808,  280363.562
   1986.33,  -58.280, 32.129,  -21.260, 48.718,  -79.540, 58.359,  303.383,  292.808,  280363.562
   1986.42,  -59.166, 32.254,  -29.540, 48.908,  -88.707, 58.585,  303.444,  292.808,  280363.562
   1986.50,  -60.058, 32.378,  -34.904, 49.096,  -94.962, 58.811,  303.505,  292.808,  280363.562
   1986.58,  -60.954, 32.502,  -40.783, 49.283, -101.737, 59.036,  303.566,  292.808,  280363.562
   1986.67,  -61.856, 32.625,  -25.767, 49.470,  -87.623, 59.260,  303.627,  292.808,  280363.562
   1986.75,  -62.762, 32.748,  -14.621, 49.657,  -77.383, 59.483,  303.688,  292.808,  280363.562
   1986.83,  -63.674, 32.870,  -23.649, 49.842,  -87.323, 59.705,  303.748,  292.808,  280363.562
   1986.92,  -64.591, 32.992,  -26.770, 50.027,  -91.361, 59.926,  303.809,  292.808,  280363.562
   1987.00,  -65.513, 33.113,  -33.705, 50.211,  -99.218, 60.147,  303.870,  292.808,  280363.562
   1987.08,  -66.440, 33.234,  -36.851, 50.395, -103.291, 60.367,  303.929,  292.808,  280363.562
   1987.17,  -67.371, 33.355,  -31.951, 50.577,  -99.322, 60.586,  303.988,  292.808,  280363.562
   1987.25,  -68.308, 33.475,  -39.813, 50.760, -108.121, 60.804,  304.047,  292.808,  280363.562
   1987.33,  -69.249, 33.595,  -47.224, 50.941, -116.474, 61.021,  304.107,  292.808,  280363.562
   1987.42,  -70.196, 33.714,  -55.947, 51.122, -126.143, 61.238,  304.166,  292.808,  280363.562
   1987.50,  -71.147, 33.833,  -72.100, 51.302, -143.247, 61.454,  304.225,  292.808,  280363.562
   1987.58,  -72.104, 33.951,  -57.601, 51.482, -129.704, 61.669,  304.284,  292.808,  280363.562
   1987.67,  -73.065, 34.069,  -55.767, 51.661, -128.832, 61.883,  304.343,  292.808,  280363.562
   1987.75,  -74.031, 34.187,  -53.615, 51.839, -127.646, 62.097,  304.402,  292.808,  280363.562
   1987.83,  -75.002, 34.304,  -46.143, 52.017, -121.145, 62.310,  304.462,  292.808,  280363.562
   1987.92,  -75.978, 34.421,  -46.942, 52.194, -122.920, 62.522,  304.521,  292.808,  280363.562
   1988.00,  -76.959, 34.537,  -58.324, 52.370, -135.283, 62.733,  304.580,  292.808,  280363.562
   1988.08,  -77.946, 34.653,  -59.752, 52.546, -137.697, 62.944,  304.643,  292.808,  280363.562
   1988.17,  -78.937, 34.769,  -57.194, 52.722, -136.131, 63.154,  304.707,  292.808,  280363.562
   1988.25,  -79.934, 34.884,  -57.271, 52.896, -137.205, 63.364,  304.770,  292.808,  280363.562
   1988.33,  -80.936, 34.999,  -42.733, 53.071, -123.669, 63.572,  304.833,  292.808,  280363.562
   1988.42,  -81.943, 35.114,  -51.311, 53.244, -133.255, 63.780,  304.897,  292.808,  280363.562
   1988.50,  -82.956, 35.228,  -49.579, 53.417, -132.535, 63.988,  304.960,  292.808,  280363.562
   1988.58,  -83.974, 35.341,  -54.506, 53.590, -138.480, 64.194,  305.023,  292.808,  280363.562
   1988.67,  -84.997, 35.455,  -53.105, 53.762, -138.102, 64.400,  305.087,  292.808,  280363.562
   1988.75,  -86.026, 35.568,  -58.104, 53.933, -144.130, 64.605,  305.150,  292.808,  280363.562
   1988.83,  -87.060, 35.681,  -73.294, 54.104, -160.354, 64.810,  305.213,  292.808,  280363.562
   1988.92,  -88.099, 35.793,  -78.892, 54.274, -166.991, 65.014,  305.277,  292.808,  280363.562
   1989.00,  -89.143, 35.905,  -89.909, 54.444, -179.052, 65.218,  305.340,  292.808,  280363.562
   1989.08,  -90.177, 36.017,  -89.516, 54.613, -179.693, 65.420,  305.218,  292.808,  280363.562
   1989.17,  -91.201, 36.128,  -79.484, 54.782, -170.686, 65.622,  305.097,  292.808,  280363.562
   1989.25,  -92.215, 36.239,  -97.832, 54.950, -190.047, 65.824,  304.975,  292.808,  280363.562
   1989.33,  -93.219, 36.349,  -59.498, 55.118, -152.717, 66.025,  304.853,  292.808,  280363.562
   1989.42,  -94.212, 36.460,  -55.814, 55.285, -150.027, 66.225,  304.732,  292.808,  280363.562
   1989.50,  -95.196, 36.570,  -21.539, 55.452, -116.735, 66.425,  304.610,  292.808,  280363.562
   1989.58,  -96.169, 36.679,  -14.892, 55.618, -111.062, 66.624,  304.488,  292.808,  280363.562
   1989.67,  -97.133, 36.788,    6.374, 55.784,  -90.759, 66.822,  304.367,  292.808,  280363.562
   1989.75,  -98.086, 36.897,   19.439, 55.949,  -78.646, 67.020,  304.245,  292.808,  280363.562
   1989.83,  -99.029, 37.006,   16.095, 56.114,  -82.934, 67.218,  304.123,  292.808,  280363.562
   1989.92,  -99.961, 37.114,    1.892, 56.278,  -98.070, 67.414,  304.002,  292.808,  280363.562
   1990.00, -100.884, 37.222,  -12.143, 56.442, -113.027, 67.610,  303.880,  292.808,  280363.562
   1990.08, -101.796, 37.330,   -4.344, 56.605, -106.140, 67.806,  303.756,  292.808,  280363.562
   1990.17, -102.698, 37.437,    0.646, 56.768, -102.052, 68.001,  303.632,  292.808,  280363.562
   1990.25, -103.590, 37.544,   -8.404, 56.930, -111.994, 68.196,  303.508,  292.808,  280363.562
   1990.33, -104.471, 37.651,  -20.327, 57.092, -124.798, 68.389,  303.383,  292.808,  280363.562
   1990.42, -105.342, 37.758,  -19.581, 57.254, -124.923, 68.583,  303.259,  292.808,  280363.562
   1990.50, -106.203, 37.864,  -23.181, 57.414, -129.383, 68.776,  303.135,  292.808,  280363.562
   1990.58, -107.053, 37.970,  -23.180, 57.575, -130.233, 68.968,  303.011,  292.808,  280363.562
   1990.67, -107.893, 38.075,  -20.545, 57.735, -128.438, 69.160,  302.887,  292.808,  280363.562
   1990.75, -108.722, 38.180,  -31.239, 57.895, -139.961, 69.351,  302.763,  292.808,  280363.562
   1990.83, -109.542, 38.285,  -37.279, 58.054, -146.821, 69.542,  302.638,  292.808,  280363.562
   1990.92, -110.350, 38.390,  -44.093, 58.213, -154.443, 69.732,  302.514,  292.808,  280363.562
   1991.00, -111.149, 38.495,  -42.100, 58.371, -153.248, 69.921,  302.390,  292.808,  280363.562
   1991.08, -111.937, 38.599,  -54.111, 58.529, -166.048, 70.111,  302.270,  292.808,  280363.562
   1991.17, -112.716, 38.703,  -60.826, 58.686, -173.542, 70.299,  302.150,  292.808,  280363.562
   1991.25, -113.484, 38.806,  -69.110, 58.843, -182.594, 70.487,  302.030,  292.808,  280363.562
   1991.33, -114.243, 38.909,  -79.118, 59.000, -193.361, 70.675,  301.910,  292.808,  280363.562
   1991.42, -114.991, 39.012,  -85.359, 59.156, -200.350, 70.862,  301.790,  292.808,  280363.562
   1991.50, -115.730, 39.115,  -90.320, 59.312, -206.050, 71.049,  301.670,  292.808,  280363.562
   1991.58, -116.458, 39.218,  -75.583, 59.468, -192.042, 71.235,  301.550,  292.808,  280363.562
   1991.67, -117.177, 39.320,  -70.846, 59.623, -188.022, 71.421,  301.430,  292.808,  280363.562
   1991.75, -117.885, 39.422,  -67.803, 59.777, -185.688, 71.606,  301.310,  292.808,  280363.562
   1991.83, -118.584, 39.524,  -61.016, 59.931, -179.600, 71.790,  301.190,  292.808,  280363.562
   1991.92, -119.272, 39.625,  -76.451, 60.085, -195.723, 71.975,  301.070,  292.808,  280363.562
   1992.00, -119.951, 39.726,  -78.014, 60.239, -197.965, 72.158,  300.950,  292.808,  280363.562
   1992.08, -120.619, 39.827,  -81.885, 60.392, -202.505, 72.342,  300.829,  292.808,  280363.562
   1992.17, -121.278, 39.928,  -87.606, 60.544, -208.884, 72.525,  300.708,  292.808,  280363.562
   1992.25, -121.926, 40.028,  -89.370, 60.696, -211.296, 72.707,  300.588,  292.808,  280363.562
   1992.33, -122.564, 40.128,  -96.719, 60.848, -219.283, 72.889,  300.467,  292.808,  280363.562
   1992.42, -123.192, 40.228, -109.259, 61.000, -232.451, 73.070,  300.346,  292.808,  280363.562
   1992.50, -123.810, 40.328, -105.916, 61.151, -229.727, 73.251,  300.225,  292.808,  280363.562
   1992.58, -124.418, 40.427, -105.566, 61.302, -229.985, 73.432,  300.104,  292.808,  280363.562
   1992.67, -125.016, 40.526,  -91.228, 61.452, -216.244, 73.612,  299.983,  292.808,  280363.562
   1992.75, -125.604, 40.625, -103.506, 61.602, -229.110, 73.792,  299.863,  292.808,  280363.562
   1992.83, -126.182, 40.724,  -79.239, 61.752, -205.421, 73.971,  299.742,  292.808,  280363.562
   1992.92, -126.750, 40.823,  -66.535, 61.901, -193.285, 74.150,  299.621,  292.808,  280363.562
   1993.00, -127.307, 40.921,  -79.927, 62.050, -207.234, 74.328,  299.500,  292.808,  280363.562
   1993.08, -127.855, 41.019,  -79.081, 62.198, -206.936, 74.506,  299.377,  292.808,  280363.562
   1993.17, -128.392, 41.116,  -75.732, 62.347, -204.124, 74.684,  299.253,  292.808,  280363.562
   1993.25, -128.919, 41.214,  -73.463, 62.494, -202.381, 74.861,  299.130,  292.808,  280363.562
   1993.33, -129.435, 41.311,  -69.539, 62.642, -198.974, 75.038,  299.007,  292.808,  280363.562
   1993.42, -129.941, 41.408,  -71.161, 62.789, -201.103, 75.214,  298.883,  292.808,  280363.562
   1993.50, -130.437, 41.505,  -71.726, 62.936, -202.163, 75.390,  298.760,  292.808,  280363.562
   1993.58, -130.923, 41.602,  -68.645, 63.082, -199.569, 75.565,  298.637,  292.808,  280363.562
   1993.67, -131.399, 41.698,  -69.807, 63.229, -201.206, 75.740,  298.513,  292.808,  280363.562
   1993.75, -131.864, 41.794,  -61.203, 63.374, -193.067, 75.915,  298.390,  292.808,  280363.562
   1993.83, -132.319, 41.890,  -56.818, 63.520, -189.136, 76.089,  298.267,  292.808,  280363.562
   1993.92, -132.763, 41.986,  -70.329, 63.665, -203.093, 76.263,  298.143,  292.808,  280363.562
   1994.00, -133.198, 42.081,  -75.024, 63.810, -208.222, 76.436,  298.020,  292.808,  280363.562
   1994.08, -133.666, 42.177,  -79.360, 63.954, -213.025, 76.610,  298.424,  292.808,  280363.562
   1994.17, -134.167, 42.272,  -74.051, 64.098, -208.218, 76.782,  298.828,  292.808,  280363.562
   1994.25, -134.703, 42.367,  -72.151, 64.242, -206.854, 76.954,  299.232,  292.808,  280363.562
   1994.33, -135.272, 42.461,  -81.350, 64.386, -216.622, 77.126,  299.637,  292.808,  280363.562
   1994.42, -135.874, 42.556,  -90.390, 64.529, -226.265, 77.298,  300.041,  292.808,  280363.562
   1994.50, -136.511, 42.650,  -98.334, 64.672, -234.845, 77.469,  300.445,  292.808,  280363.562
   1994.58, -137.181, 42.744,  -83.671, 64.814, -220.852, 77.640,  300.849,  292.808,  280363.562
   1994.67, -137.885, 42.838,  -80.800, 64.957, -218.684, 77.810,  301.253,  292.808,  280363.562
   1994.75, -138.622, 42.931,  -94.402, 65.099, -233.025, 77.980,  301.658,  292.808,  280363.562
   1994.83, -139.393, 43.025,  -96.420, 65.240, -235.814, 78.150,  302.062,  292.808,  280363.562
   1994.92, -140.198, 43.118,  -96.158, 65.381, -236.356, 78.319,  302.466,  292.808,  280363.562
   1995.00, -141.037, 43.211,  -81.327, 65.522, -222.363, 78.488,  302.870,  292.808,  280363.562
   1995.08, -141.923, 43.304,  -79.051, 65.663, -220.974, 78.657,  303.443,  292.808,  280363.562
   1995.17, -142.857, 43.396,  -79.183, 65.804, -222.040, 78.825,  304.015,  292.808,  280363.562
   1995.25, -143.838, 43.489,  -76.609, 65.944, -220.447, 78.993,  304.587,  292.808,  280363.562
   1995.33, -144.868, 43.581,  -73.851, 66.084, -218.719, 79.160,  305.160,  292.808,  280363.562
   1995.42, -145.945, 43.673,  -84.308, 66.223, -230.253, 79.327,  305.732,  292.808,  280363.562
   1995.50, -147.069, 43.765,  -99.819, 66.362, -246.889, 79.494,  306.305,  292.808,  280363.562
   1995.58, -148.242, 43.856, -100.638, 66.501, -248.880, 79.660,  306.878,  292.808,  280363.562
   1995.67, -149.462, 43.948,  -97.156, 66.640, -246.618, 79.826,  307.450,  292.808,  280363.562
   1995.75, -150.730, 44.039,  -71.212, 66.778, -221.942, 79.992,  308.022,  292.808,  280363.562
   1995.83, -152.046, 44.130,  -74.584, 66.916, -226.630, 80.158,  308.595,  292.808,  280363.562
   1995.92, -153.409, 44.221,  -77.410, 67.054, -230.819, 80.323,  309.167,  292.808,  280363.562
   1996.00, -154.820, 44.312,  -81.821, 67.192, -236.641, 80.487,  309.740,  292.808,  280363.562
   1996.08, -156.248, 44.402,  -79.327, 67.329, -235.575, 80.652,  309.943,  292.808,  280363.562
   1996.17, -157.693, 44.492,  -78.665, 67.466, -236.357, 80.816,  310.147,  292.808,  280363.562
   1996.25, -159.154, 44.582,  -83.893, 67.602, -243.048, 80.979,  310.350,  292.808,  280363.562
   1996.33, -160.633, 44.672,  -82.769, 67.739, -243.402, 81.143,  310.553,  292.808,  280363.562
   1996.42, -162.129, 44.762,  -89.128, 67.875, -251.257, 81.306,  310.757,  292.808,  280363.562
   1996.50, -163.642, 44.852,  -77.785, 68.011, -241.427, 81.469,  310.960,  292.808,  280363.562
   1996.58, -165.171, 44.941,  -81.098, 68.146, -246.269, 81.631,  311.163,  292.808,  280363.562
   1996.67, -166.718, 45.030,  -70.815, 68.282, -237.533, 81.793,  311.367,  292.808,  280363.562
   1996.75, -168.281, 45.119,  -49.504, 68.417, -217.786, 81.955,  311.570,  292.808,  280363.562
   1996.83, -169.862, 45.208,  -50.470, 68.551, -220.332, 82.116,  311.773,  292.808,  280363.562
   1996.92, -171.459, 45.297,  -51.191, 68.686, -222.650, 82.277,  311.977,  292.808,  280363.562
   1997.00, -173.073, 45.386,  -55.254, 68.820, -228.327, 82.438,  312.180,  292.808,  280363.562
   1997.08, -174.704, 45.474,  -64.166, 68.954, -238.871, 82.599,  312.380,  292.808,  280363.562
   1997.17, -176.352, 45.562,  -43.138, 69.088, -219.490, 82.759,  312.580,  292.808,  280363.562
   1997.25, -178.016, 45.650,  -45.412, 69.221, -223.428, 82.919,  312.780,  292.808,  280363.562
   1997.33, -179.697, 45.738,  -26.984, 69.354, -206.681, 83.078,  312.980,  292.808,  280363.562
   1997.42, -181.395, 45.826,  -32.844, 69.487, -214.239, 83.238,  313.180,  292.808,  280363.562
   1997.50, -183.109, 45.913,  -43.760, 69.620, -226.869, 83.396,  313.380,  292.808,  280363.562
   1997.58, -184.840, 46.000,  -42.635, 69.753, -227.476, 83.555,  313.580,  292.808,  280363.562
   1997.67, -186.588, 46.088,  -51.543, 69.885, -238.131, 83.713,  313.780,  292.808,  280363.562
   1997.75, -188.352, 46.175,  -55.024, 70.017, -243.376, 83.872,  313.980,  292.808,  280363.562
   1997.83, -190.133, 46.262,  -69.829, 70.148, -259.962, 84.029,  314.180,  292.808,  280363.562
   1997.92, -191.931, 46.348,  -84.102, 70.280, -276.033, 84.187,  314.380,  292.808,  280363.562
   1998.00, -193.745, 46.435,  -88.535, 70.411, -282.281, 84.344,  314.580,  292.808,  280363.562
   1998.08, -195.583, 46.521,  -84.814, 70.542, -280.397, 84.501,  314.859,  292.808,  280363.562
   1998.17, -197.444, 46.607,  -78.682, 70.673, -276.126, 84.657,  315.138,  292.808,  280363.562
   1998.25, -199.328, 46.693,  -33.810, 70.803, -233.138, 84.814,  315.418,  292.808,  280363.562
   1998.33, -201.235, 46.779,  -30.971, 70.933, -232.207, 84.970,  315.697,  292.808,  280363.562
   1998.42, -203.166, 46.865,  -20.074, 71.063, -223.240, 85.125,  315.976,  292.808,  280363.562
   1998.50, -205.120, 46.951,  -31.674, 71.193, -236.793, 85.281,  316.255,  292.808,  280363.562
   1998.58, -207.097, 47.036,  -28.809, 71.323, -235.906, 85.436,  316.534,  292.808,  280363.562
   1998.67, -209.097, 47.121,  -18.021, 71.452, -227.118, 85.591,  316.813,  292.808,  280363.562
   1998.75, -211.121, 47.206,  -21.292, 71.581, -232.413, 85.745,  317.092,  292.808,  280363.562
   1998.83, -213.168, 47.291,  -19.018, 71.710, -232.187, 85.900,  317.372,  292.808,  280363.562
   1998.92, -215.238, 47.376,  -27.135, 71.838, -242.374, 86.054,  317.651,  292.808,  280363.562
   1999.00, -217.332, 47.461,  -24.845, 71.967, -242.176, 86.208,  317.930,  292.808,  280363.562
   1999.08, -219.444, 47.545,  -23.470, 72.095, -242.914, 86.361,  318.155,  292.808,  280363.562
   1999.17, -221.575, 47.630,   -4.841, 72.223, -226.416, 86.514,  318.380,  292.808,  280363.562
   1999.25, -223.725, 47.714,   16.107, 72.350, -207.618, 86.667,  318.605,  292.808,  280363.562
   1999.33, -225.893, 47.798,   33.135, 72.478, -192.758, 86.820,  318.830,  292.808,  280363.562
   1999.42, -228.081, 47.882,   28.446, 72.605, -199.634, 86.972,  319.055,  292.808,  280363.562
   1999.50, -230.287, 47.965,   32.437, 72.732, -197.850, 87.124,  319.280,  292.808,  280363.562
   1999.58, -232.511, 48.049,   25.285, 72.859, -207.227, 87.276,  319.505,  292.808,  280363.562
   1999.67, -234.755, 48.133,   20.467, 72.986, -214.288, 87.428,  319.730,  292.808,  280363.562
   1999.75, -237.017, 48.216,   37.761, 73.112, -199.257, 87.579,  319.955,  292.808,  280363.562
   1999.83, -239.298, 48.299,   42.025, 73.238, -197.274, 87.730,  320.180,  292.808,  280363.562
   1999.92, -241.598, 48.382,   47.648, 73.364, -193.949, 87.881,  320.405,  292.808,  280363.562
   2000.00, -243.916, 48.465,   43.973, 73.490, -199.944, 88.032,  320.630,  292.808,  280363.562
   2000.08, -246.237, 48.548,   48.778, 73.615, -197.459, 88.182,  320.654,  292.808,  280363.562
   2000.17, -248.559, 48.630,   46.606, 73.740, -201.954, 88.332,  320.678,  292.808,  280363.562
   2000.25, -250.884, 48.713,   44.615, 73.865, -206.269, 88.482,  320.702,  292.808,  280363.562
   2000.33, -253.210, 48.795,   54.419, 73.990, -198.792, 88.631,  320.727,  292.808,  280363.562
   2000.42, -255.539, 48.877,   52.471, 74.115, -203.068, 88.781,  320.751,  292.808,  280363.562
   2000.50, -257.870, 48.959,   64.614, 74.239, -193.256, 88.930,  320.775,  292.808,  280363.562
   2000.58, -260.202, 49.041,   53.562, 74.364, -206.640, 89.079,  320.799,  292.808,  280363.562
   2000.67, -262.537, 49.123,   48.270, 74.488, -214.267, 89.227,  320.823,  292.808,  280363.562
   2000.75, -264.873, 49.205,   39.269, 74.611, -225.604, 89.375,  320.848,  292.808,  280363.562
   2000.83, -267.212, 49.286,   30.733, 74.735, -236.479, 89.523,  320.872,  292.808,  280363.562
   2000.92, -269.553, 49.368,   22.153, 74.858, -247.400, 89.671,  320.896,  292.808,  280363.562
   2001.00, -271.895, 49.449,    8.705, 74.981, -263.190, 89.819,  320.920,  292.808,  280363.562
   2001.08, -274.256, 49.530,   -1.447, 75.104, -275.703, 89.966,  321.134,  292.808,  280363.562
   2001.17, -276.634, 49.611,   -8.161, 75.227, -284.795, 90.113,  321.348,  292.808,  280363.562
   2001.25, -279.030, 49.692,  -16.918, 75.350, -295.949, 90.260,  321.562,  292.808,  280363.562
   2001.33, -281.444, 49.773,    0.204, 75.472, -281.240, 90.407,  321.777,  292.808,  280363.562
   2001.42, -283.876, 49.853,  -10.870, 75.594, -294.746, 90.553,  321.991,  292.808,  280363.562
   2001.50, -286.326, 49.934,  -18.356, 75.716, -304.682, 90.699,  322.205,  292.808,  280363.562
   2001.58, -288.794, 50.014,    1.128, 75.838, -287.666, 90.845,  322.419,  292.808,  280363.562
   2001.67, -291.279, 50.094,   23.024, 75.960, -268.255, 90.991,  322.633,  292.808,  280363.562
   2001.75, -293.782, 50.174,   46.869, 76.081, -246.913, 91.136,  322.847,  292.808,  280363.562
   2001.83, -296.304, 50.254,   48.401, 76.202, -247.903, 91.281,  323.062,  292.808,  280363.562
   2001.92, -298.843, 50.334,   56.363, 76.323, -242.479, 91.426,  323.276,  292.808,  280363.562
   2002.00, -301.399, 50.414,   47.979, 76.444, -253.421, 91.571,  323.490,  292.808,  280363.562
   2002.08, -303.974, 50.493,   58.791, 76.565, -245.183, 91.716,  323.708,  292.808,  280363.562
   2002.17, -306.568, 50.573,   47.013, 76.685, -259.555, 91.860,  323.927,  292.808,  280363.562
   2002.25, -309.179, 50.652,   45.685, 76.806, -263.494, 92.004,  324.145,  292.808,  280363.562
   2002.33, -311.809, 50.731,   33.295, 76.926, -278.514, 92.148,  324.363,  292.808,  280363.562
   2002.42, -314.456, 50.810,   22.643, 77.046, -291.813, 92.291,  324.582,  292.808,  280363.562
   2002.50, -317.122, 50.889,   23.060, 77.165, -294.062, 92.435,  324.800,  292.808,  280363.562
   2002.58, -319.807, 50.968,   28.195, 77.285, -291.612, 92.578,  325.018,  292.808,  280363.562
   2002.67, -322.509, 51.047,   20.879, 77.404, -301.630, 92.721,  325.237,  292.808,  280363.562
   2002.75, -325.230, 51.125,   15.094, 77.523, -310.135, 92.864,  325.455,  292.808,  280363.562
   2002.83, -327.968, 51.204,    4.645, 77.642, -323.324, 93.006,  325.673,  292.808,  280363.562
   2002.92, -330.725, 51.282,    4.653, 77.761, -326.073, 93.148,  325.892,  292.808,  280363.562
   2003.00, -333.500, 51.360,   -3.760, 77.880, -337.260, 93.290,  326.110,  292.808,  280363.562
   2003.08, -336.302, 51.438,   -5.625, 77.998, -341.927, 93.432,  326.424,  292.808,  280363.562
   2003.17, -339.129, 51.516,   -0.823, 78.116, -339.952, 93.574,  326.738,  292.808,  280363.562
   2003.25, -341.983, 51.594,    4.351, 78.234, -337.633, 93.715,  327.052,  292.808,  280363.562
   2003.33, -344.863, 51.672,   -0.144, 78.352, -345.007, 93.856,  327.367,  292.808,  280363.562
   2003.42, -347.769, 51.749,  -11.511, 78.470, -359.280, 93.998,  327.681,  292.808,  280363.562
   2003.50, -350.701, 51.827,   -6.664, 78.587, -357.365, 94.138,  327.995,  292.808,  280363.562
   2003.58, -353.660, 51.904,    8.256, 78.705, -345.404, 94.279,  328.309,  292.808,  280363.562
   2003.67, -356.644, 51.982,   15.873, 78.822, -340.772, 94.419,  328.623,  292.808,  280363.562
   2003.75, -359.655, 52.059,   17.873, 78.939, -341.782, 94.559,  328.938,  292.808,  280363.562
   2003.83, -362.692, 52.136,    6.224, 79.056, -356.468, 94.699,  329.252,  292.808,  280363.562
   2003.92, -365.755, 52.213,  -11.432, 79.172, -377.187, 94.839,  329.566,  292.808,  280363.562
   2004.00, -368.844, 52.290,  -20.112, 79.289, -388.956, 94.979,  329.880,  292.808,  280363.562
   2004.08, -371.935, 52.366,  -18.709, 79.405, -390.645, 95.118,  329.895,  292.808,  280363.562
   2004.17, -375.027, 52.443,  -18.772, 79.521, -393.799, 95.257,  329.910,  292.808,  280363.562
   2004.25, -378.120, 52.519,  -21.130, 79.637, -399.250, 95.396,  329.925,  292.808,  280363.562
   2004.33, -381.214, 52.596,   -9.328, 79.753, -390.542, 95.535,  329.940,  292.808,  280363.562
   2004.42, -384.310, 52.672,  -16.784, 79.869, -401.094, 95.673,  329.955,  292.808,  280363.562
   2004.50, -387.407, 52.748,    3.829, 79.984, -383.578, 95.812,  329.970,  292.808,  280363.562
   2004.58, -390.505, 52.824,   11.064, 80.100, -379.441, 95.950,  329.985,  292.808,  280363.562
   2004.67, -393.604, 52.900,   14.202, 80.215, -379.402, 96.088,  330.000,  292.808,  280363.562
   2004.75, -396.705, 52.976,   19.374, 80.330, -377.331, 96.225,  330.015,  292.808,  280363.562
   2004.83, -399.807, 53.052,   28.980, 80.445, -370.826, 96.363,  330.030,  292.808,  280363.562
   2004.92, -402.910, 53.127,   20.398, 80.559, -382.511, 96.500,  330.045,  292.808,  280363.562
   2005.00, -406.014, 53.203,    8.176, 80.674, -397.839, 96.637,  330.060,  292.808,  280363.562
   2005.08, -409.126, 53.278,   22.000, 80.788, -387.126, 96.774,  330.150,  292.808,  280363.562
   2005.17, -412.245, 53.353,   24.753, 80.902, -387.492, 96.911,  330.240,  292.808,  280363.562
   2005.25, -415.372, 53.429,   20.219, 81.016, -395.153, 97.048,  330.330,  292.808,  280363.562
   2005.33, -418.506, 53.504,   15.019, 81.130, -403.487, 97.184,  330.420,  292.808,  280363.562
   2005.42, -421.648, 53.579,    3.130, 81.244, -418.519, 97.320,  330.510,  292.808,  280363.562
   2005.50, -424.797, 53.654,   -3.689, 81.357, -428.487, 97.456,  330.600,  292.808,  280363.562
   2005.58, -427.954, 53.728,    4.452, 81.471, -423.502, 97.592,  330.690,  292.808,  280363.562
   2005.67, -431.119, 53.803,    1.114, 81.584, -430.005, 97.728,  330.780,  292.808,  280363.562
   2005.75, -434.290, 53.878,   21.954, 81.697, -412.336, 97.863,  330.870,  292.808,  280363.562
   2005.83, -437.470, 53.952,   22.820, 81.810, -414.650, 97.998,  330.960,  292.808,  280363.562
   2005.92, -440.657, 54.026,   18.949, 81.922, -421.708, 98.133,  331.050,  292.808,  280363.562
   2006.00, -443.851, 54.101,   18.841, 82.035, -425.010, 98.268,  331.140,  292.808,  280363.562
   2006.08, -446.976, 54.175,   20.199, 82.147, -426.778, 98.403,  330.315,  292.808,  280363.562
   2006.17, -450.033, 54.249,   24.367, 82.260, -425.666, 98.537,  329.490,  292.808,  280363.562
   2006.25, -453.021, 54.323,   24.266, 82.372, -428.756, 98.672,  328.665,  292.808,  280363.562
   2006.33, -455.941, 54.397,   47.734, 82.484, -408.207, 98.806,  327.840,  292.808,  280363.562
   2006.42, -458.791, 54.470,   65.113, 82.596, -393.678, 98.940,  327.015,  292.808,  280363.562
   2006.50, -461.573, 54.544,   70.122, 82.707, -391.451, 99.073,  326.190,  292.808,  280363.562
   2006.58, -464.286, 54.617,   50.994, 82.819, -413.293, 99.207,  325.365,  292.808,  280363.562
   2006.67, -466.930, 54.691,   46.704, 82.930, -420.227, 99.340,  324.540,  292.808,  280363.562
   2006.75, -469.506, 54.764,   62.512, 83.041, -406.994, 99.474,  323.715,  292.808,  280363.562
   2006.83, -472.013, 54.837,   51.414, 83.152, -420.599, 99.607,  322.890,  292.808,  280363.562
   2006.92, -474.451, 54.911,   44.343, 83.263, -430.108, 99.740,  322.065,  292.808,  280363.562
   2007.00, -476.820, 54.984,   35.560, 83.374, -441.260, 99.872,  321.240,  292.808,  280363.562
   2007.08, -479.248, 55.057,   27.111, 83.485, -452.137,100.005,  321.936,  292.808,  280363.562
   2007.17, -481.733, 55.130,   18.550, 83.595, -463.183,100.137,  322.631,  292.808,  280363.562
   2007.25, -484.276, 55.202,    2.818, 83.706, -481.459,100.269,  323.328,  292.808,  280363.562
   2007.33, -486.877, 55.275,   -0.010, 83.816, -486.888,100.401,  324.024,  292.808,  280363.562
   2007.42, -489.537, 55.348,  -15.878, 83.926, -505.415,100.533,  324.719,  292.808,  280363.562
   2007.50, -492.254, 55.420,  -29.947, 84.036, -522.201,100.665,  325.415,  292.808,  280363.562
   2007.58, -495.029, 55.492,  -31.952, 84.145, -526.982,100.796,  326.111,  292.808,  280363.562
   2007.67, -497.862, 55.565,  -15.593, 84.255, -513.456,100.927,  326.806,  292.808,  280363.562
   2007.75, -500.754, 55.637,  -19.686, 84.365, -520.440,101.059,  327.503,  292.808,  280363.562
   2007.83, -503.703, 55.709,  -33.519, 84.474, -537.222,101.190,  328.199,  292.808,  280363.562
   2007.92, -506.710, 55.781,  -36.627, 84.583, -543.337,101.320,  328.894,  292.808,  280363.562
   2008.00, -509.775, 55.853,  -37.050, 84.692, -546.826,101.451,  329.590,  292.808,  280363.562
   2008.08, -512.850, 55.925,  -36.757, 84.801, -549.608,101.581,  329.708,  292.808,  280363.562
   2008.17, -515.935, 55.996,  -41.129, 84.910, -557.064,101.712,  329.825,  292.808,  280363.562
   2008.25, -519.029, 56.068,  -44.966, 85.018, -563.996,101.842,  329.943,  292.808,  280363.562
   2008.33, -522.134, 56.140,  -35.199, 85.127, -557.333,101.972,  330.060,  292.808,  280363.562
   2008.42, -525.248, 56.211,  -33.417, 85.235, -558.665,102.102,  330.177,  292.808,  280363.562
   2008.50, -528.372, 56.282,  -32.431, 85.343, -560.803,102.231,  330.295,  292.808,  280363.562
   2008.58, -531.505, 56.354,  -32.184, 85.452, -563.690,102.361,  330.413,  292.808,  280363.562
   2008.67, -534.649, 56.425,   -2.076, 85.559, -536.725,102.490,  330.530,  292.808,  280363.562
   2008.75, -537.802, 56.496,   -0.873, 85.667, -538.676,102.619,  330.648,  292.808,  280363.562
   2008.83, -540.965, 56.567,    0.525, 85.775, -540.441,102.748,  330.765,  292.808,  280363.562
   2008.92, -544.138, 56.638,    5.783, 85.882, -538.355,102.877,  330.882,  292.808,  280363.562
   2009.00, -547.321, 56.709,   -0.002, 85.990, -547.323,103.006,  331.000,  292.808,  280363.562
   2009.08, -550.523, 56.779,   -9.319, 86.097, -559.842,103.134,  331.228,  292.808,  280363.562
   2009.17, -553.743, 56.850,   -5.891, 86.204, -559.634,103.262,  331.457,  292.808,  280363.562
   2009.25, -556.983, 56.921,  -16.469, 86.311, -573.453,103.391,  331.685,  292.808,  280363.562
   2009.33, -560.242, 56.991,  -21.192, 86.418, -581.434,103.519,  331.913,  292.808,  280363.562
   2009.42, -563.520, 57.062,  -30.678, 86.525, -594.198,103.646,  332.142,  292.808,  280363.562
   2009.50, -566.816, 57.132,  -40.455, 86.631, -607.272,103.774,  332.370,  292.808,  280363.562
   2009.58, -570.132, 57.202,  -41.587, 86.738, -611.719,103.902,  332.598,  292.808,  280363.562
   2009.67, -573.467, 57.272,  -39.520, 86.844, -612.987,104.029,  332.827,  292.808,  280363.562
   2009.75, -576.821, 57.342,  -38.838, 86.951, -615.659,104.156,  333.055,  292.808,  280363.562
   2009.83, -580.194, 57.412,  -46.377, 87.057, -626.571,104.283,  333.283,  292.808,  280363.562
   2009.92, -583.586, 57.482,  -50.334, 87.163, -633.920,104.410,  333.512,  292.808,  280363.562
   2010.00, -586.997, 57.552,  -62.019, 87.268, -649.017,104.537,  333.740,  292.808,  280363.562
   2010.08, -590.419, 57.622,  -68.222, 87.374, -658.641,104.664,  333.878,  292.808,  280363.562
   2010.17, -593.853, 57.691,  -73.783, 87.480, -667.637,104.790,  334.015,  292.808,  280363.562
   2010.25, -597.299, 57.761,  -73.918, 87.585, -671.216,104.916,  334.152,  292.808,  280363.562
   2010.33, -600.756, 57.830,  -66.341, 87.690, -667.096,105.043,  334.290,  292.808,  280363.562
   2010.42, -604.224, 57.900,  -46.191, 87.796, -650.415,105.169,  334.427,  292.808,  280363.562
   2010.50, -607.704, 57.969,  -31.048, 87.901, -638.752,105.294,  334.565,  292.808,  280363.562
   2010.58, -611.195, 58.038,  -34.297, 88.006, -645.492,105.420,  334.703,  292.808,  280363.562
   2010.67, -614.697, 58.107,  -23.900, 88.110, -638.598,105.546,  334.840,  292.808,  280363.562
   2010.75, -618.211, 58.176,   -5.144, 88.215, -623.356,105.671,  334.978,  292.808,  280363.562
   2010.83, -621.737, 58.245,   18.906, 88.320, -602.831,105.796,  335.115,  292.808,  280363.562
   2010.92, -625.274, 58.314,    9.118, 88.424, -616.156,105.921,  335.252,  292.808,  280363.562
   2011.00, -628.823, 58.383,   -3.024, 88.528, -631.847,106.046,  335.390,  292.808,  280363.562
   2011.08, -632.369, 58.451,    0.691, 88.633, -631.679,106.171,  335.370,  292.808,  280363.562
   2011.17, -635.915, 58.520,   -3.783, 88.737, -639.698,106.296,  335.350,  292.808,  280363.562
   2011.25, -639.458, 58.589,  -18.764, 88.841, -658.223,106.420,  335.330,  292.808,  280363.562
   2011.33, -643.000, 58.657,  -11.322, 88.944, -654.323,106.545,  335.310,  292.808,  280363.562
   2011.42, -646.540, 58.726,  -20.677, 89.048, -667.217,106.669,  335.290,  292.808,  280363.562
   2011.50, -650.079, 58.794,  -34.041, 89.152, -684.120,106.793,  335.270,  292.808,  280363.562
   2011.58, -653.615, 58.862,  -37.746, 89.255, -691.362,106.917,  335.250,  292.808,  280363.562
   2011.67, -657.151, 58.930,  -38.348, 89.358, -695.499,107.041,  335.230,  292.808,  280363.562
   2011.75, -660.684, 58.998,  -34.868, 89.462, -695.553,107.164,  335.210,  292.808,  280363.562
   2011.83, -664.216, 59.066,  -36.622, 89.565, -700.838,107.288,  335.190,  292.808,  280363.562
   2011.92, -667.746, 59.134,  -33.144, 89.668, -700.890,107.411,  335.170,  292.808,  280363.562
   2012.00, -671.275, 59.202,  -40.693, 89.771, -711.968,107.534,  335.150,  292.808,  280363.562
   2012.08, -674.825, 59.270,  -44.567, 89.873, -719.392,107.658,  335.415,  292.808,  280363.562
   2012.17, -678.398, 59.338,  -41.567, 89.976, -719.966,107.780,  335.680,  292.808,  280363.562
   2012.25, -681.992, 59.405,  -42.092, 90.079, -724.085,107.903,  335.945,  292.808,  280363.562
   2012.33, -685.609, 59.473,  -42.854, 90.181, -728.464,108.026,  336.210,  292.808,  280363.562
   2012.42, -689.248, 59.540,  -48.274, 90.283, -737.523,108.148,  336.475,  292.808,  280363.562
   2012.50, -692.909, 59.607,  -49.531, 90.385, -742.441,108.271,  336.740,  292.808,  280363.562
   2012.58, -696.592, 59.675,  -47.799, 90.488, -744.391,108.393,  337.005,  292.808,  280363.562
   2012.67, -700.297, 59.742,  -40.859, 90.589, -741.157,108.515,  337.270,  292.808,  280363.562
   2012.75, -704.025, 59.809,  -48.595, 90.691, -752.620,108.637,  337.535,  292.808,  280363.562
   2012.83, -707.774, 59.876,  -60.824, 90.793, -768.598,108.759,  337.800,  292.808,  280363.562
   2012.92, -711.545, 59.943,  -79.176, 90.895, -790.722,108.881,  338.065,  292.808,  280363.562
   2013.00, -715.339, 60.010,  -89.805, 90.996, -805.144,109.002,  338.330,  292.808,  280363.562
   2013.08, -719.140, 60.077,  -88.116, 91.097, -807.256,109.124,  338.423,  292.808,  280363.562
   2013.17, -722.949, 60.144,  -74.959, 91.199, -797.909,109.245,  338.517,  292.808,  280363.562
   2013.25, -726.766, 60.211,  -55.163, 91.300, -781.929,109.366,  338.610,  292.808,  280363.562
   2013.33, -730.591, 60.277,  -59.270, 91.401, -789.861,109.487,  338.703,  292.808,  280363.562
   2013.42, -734.423, 60.344,  -66.438, 91.502, -800.861,109.608,  338.797,  292.808,  280363.562
   2013.50, -738.263, 60.410,  -70.403, 91.603, -808.667,109.729,  338.890,  292.808,  280363.562
   2013.58, -742.111, 60.477,  -73.184, 91.703, -815.296,109.849,  338.983,  292.808,  280363.562
   2013.67, -745.967, 60.543,  -67.048, 91.804, -813.016,109.970,  339.077,  292.808,  280363.562
   2013.75, -749.831, 60.609,  -72.156, 91.904, -821.987,110.090,  339.170,  292.808,  280363.562
   2013.83, -753.702, 60.675,  -79.369, 92.005, -833.071,110.211,  339.263,  292.808,  280363.562
   2013.92, -757.581, 60.741,  -94.461, 92.105, -852.042,110.331,  339.357,  292.808,  280363.562
   2014.00, -761.468, 60.808, -103.861, 92.205, -865.329,110.451,  339.450,  292.808,  280363.562
   2014.08, -765.342, 60.874, -103.983, 92.305, -869.326,110.570,  339.306,  292.808,  280363.562
   2014.17, -769.205, 60.939, -105.015, 92.405, -874.221,110.690,  339.162,  292.808,  280363.562
   2014.25, -773.056, 61.005,  -92.933, 92.505, -865.990,110.810,  339.018,  292.808,  280363.562
   2014.33, -776.895, 61.071,  -86.715, 92.605, -863.610,110.929,  338.873,  292.808,  280363.562
   2014.42, -780.722, 61.137,  -85.400, 92.704, -866.122,111.049,  338.729,  292.808,  280363.562
   2014.50, -784.536, 61.202,  -72.390, 92.804, -856.927,111.168,  338.585,  292.808,  280363.562
   2014.58, -788.339, 61.268,  -78.933, 92.903, -867.273,111.287,  338.441,  292.808,  280363.562
   2014.67, -792.130, 61.333,  -85.036, 93.002, -877.166,111.406,  338.297,  292.808,  280363.562
   2014.75, -795.908, 61.399,  -72.961, 93.102, -868.870,111.525,  338.152,  292.808,  280363.562
   2014.83, -799.675, 61.464,  -81.060, 93.201, -880.735,111.643,  338.008,  292.808,  280363.562
   2014.92, -803.430, 61.529,  -92.854, 93.300, -896.284,111.762,  337.864,  292.808,  280363.562
   2015.00, -807.172, 61.595,  -94.391, 93.399, -901.564,111.880,  337.720,  292.808,  280363.562
   2015.08, -810.902, 61.660, -101.105, 93.497, -912.007,111.999,  337.560,  292.808,  280363.562
   2015.17, -814.618, 61.725,  -89.992, 93.596, -904.610,112.117,  337.400,  292.808,  280363.562
   2015.25, -818.320, 61.790,  -71.144, 93.695, -889.465,112.235,  337.240,  292.808,  280363.562
   2015.33, -822.010, 61.855,  -76.421, 93.793, -898.431,112.353,  337.080,  292.808,  280363.562
   2015.42, -825.686, 61.920,  -88.836, 93.891, -914.522,112.471,  336.920,  292.808,  280363.562
   2015.50, -829.348, 61.984,  -94.829, 93.990, -924.178,112.588,  336.760,  292.808,  280363.562
   2015.58, -832.998, 62.049,  -88.036, 94.088, -921.034,112.706,  336.600,  292.808,  280363.562
   2015.67, -836.634, 62.114,  -92.580, 94.186, -929.214,112.823,  336.440,  292.808,  280363.562
   2015.75, -840.256, 62.178,  -83.989, 94.284, -924.246,112.941,  336.280,  292.808,  280363.562
   2015.83, -843.866, 62.243,  -84.500, 94.382, -928.366,113.058,  336.120,  292.808,  280363.562
   2015.92, -847.462, 62.307,  -83.039, 94.479, -930.501,113.175,  335.960,  292.808,  280363.562
   2016.00, -851.044, 62.372,  -82.772, 94.577, -933.817,113.292,  335.800,  292.808,  280363.562
   2016.08, -854.706, 62.436,  -74.069, 94.674, -928.775,113.409,  336.743,  292.808,  280363.562
   2016.17, -858.445, 62.500,  -63.021, 94.772, -921.467,113.525,  337.685,  292.808,  280363.562
   2016.25, -862.264, 62.564,  -60.776, 94.869, -923.040,113.642,  338.628,  292.808,  280363.562
   2016.33, -866.161, 62.629,  -26.521, 94.966, -892.682,113.758,  339.570,  292.808,  280363.562
   2016.42, -870.136, 62.693,  -13.909, 95.064, -884.045,113.875,  340.512,  292.808,  280363.562
   2016.50, -874.190, 62.757,    6.201, 95.161, -867.990,113.991,  341.455,  292.808,  280363.562
   2016.58, -878.322, 62.821,    0.154, 95.258, -878.169,114.107,  342.398,  292.808,  280363.562
   2016.67, -882.533, 62.884,   44.239, 95.354, -838.295,114.223,  343.340,  292.808,  280363.562
   2016.75, -886.823, 62.948,   61.884, 95.451, -824.939,114.339,  344.283,  292.808,  280363.562
   2016.83, -891.191, 63.012,   56.442, 95.548, -834.749,114.455,  345.225,  292.808,  280363.562
   2016.92, -895.637, 63.076,   43.268, 95.644, -852.370,114.570,  346.167,  292.808,  280363.562
   2017.00, -900.163, 63.139,   32.037, 95.741, -868.126,114.686,  347.110,  292.808,  280363.562
   2017.08, -904.593, 63.203,   17.539, 95.837, -887.055,114.801,  345.978,  292.808,  280363.562
   2017.17, -908.930, 63.266,   38.917, 95.933, -870.013,114.917,  344.847,  292.808,  280363.562
   2017.25, -913.172, 63.330,   31.784, 96.030, -881.388,115.032,  343.715,  292.808,  280363.562
   2017.33, -917.320, 63.393,   39.185, 96.126, -878.135,115.147,  342.583,  292.808,  280363.562
   2017.42, -921.374, 63.456,   32.838, 96.222, -888.536,115.262,  341.452,  292.808,  280363.562
   2017.50, -925.333, 63.520,   30.976, 96.317, -894.357,115.377,  340.320,  292.808,  280363.562
   2017.58, -929.198, 63.583,   30.207, 96.413, -898.992,115.491,  339.188,  292.808,  280363.562
   2017.67, -932.969, 63.646,   41.256, 96.509, -891.713,115.606,  338.057,  292.808,  280363.562
   2017.75, -936.645, 63.709,   38.081, 96.604, -898.565,115.721,  336.925,  292.808,  280363.562
   2017.83, -940.227, 63.772,   41.623, 96.700, -898.605,115.835,  335.793,  292.808,  280363.562
   2017.92, -943.715, 63.835,   37.285, 96.795, -906.431,115.949,  334.662,  292.808,  280363.562
   2018.00, -947.109, 63.898,   28.033, 96.891, -919.076,116.063,  333.530,  292.808,  280363.562
   2018.08, -950.530, 63.960,   22.807, 96.986, -927.723,116.177,  333.858,  292.808,  280363.562
   2018.17, -953.978, 64.023,   28.879, 97.081, -925.099,116.291,  334.185,  292.808,  280363.562
   2018.25, -957.453, 64.086,   30.395, 97.176, -927.059,116.405,  334.513,  292.808,  280363.562
   2018.33, -960.956, 64.148,   28.629, 97.271, -932.327,116.519,  334.840,  292.808,  280363.562
   2018.42, -964.486, 64.211,   31.162, 97.366, -933.324,116.633,  335.167,  292.808,  280363.562
   2018.50, -968.043, 64.273,   44.834, 97.461, -923.209,116.746,  335.495,  292.808,  280363.562
   2018.58, -971.627, 64.336,   47.164, 97.555, -924.464,116.859,  335.823,  292.808,  280363.562
   2018.67, -975.239, 64.398,   55.073, 97.650, -920.167,116.973,  336.150,  292.808,  280363.562
   2018.75, -978.878, 64.460,   57.406, 97.744, -921.472,117.086,  336.478,  292.808,  280363.562
   2018.83, -982.545, 64.523,   60.801, 97.839, -921.745,117.199,  336.805,  292.808,  280363.562
   2018.92, -986.238, 64.585,   55.932, 97.933, -930.307,117.312,  337.132,  292.808,  280363.562
   2019.00, -989.959, 64.647,   40.233, 98.027, -949.727,117.425,  337.460,  292.808,  280363.562
   2019.08, -993.708, 64.709,   31.370, 98.121, -962.338,117.537,  337.788,  292.808,  280363.562
   2019.17, -997.483, 64.771,   38.781, 98.215, -958.703,117.650,  338.115,  292.808,  280363.562
   2019.25,-1001.286, 64.833,   45.425, 98.309, -955.862,117.763,  338.443,  292.808,  280363.562
   2019.33,-1005.116, 64.895,   44.439, 98.403, -960.678,117.875,  338.770,  292.808,  280363.562
   2019.42,-1008.974, 64.957,   40.563, 98.497, -968.411,117.987,  339.097,  292.808,  280363.562
   2019.50,-1012.859, 65.018,   37.404, 98.590, -975.456,118.099,  339.425,  292.808,  280363.562
   2019.58,-1016.771, 65.080,   27.448, 98.684, -989.323,118.211,  339.753,  292.808,  280363.562
